ID_hecho,FECHA,VICTIMA,EDAD,FECHA_FALLECIMIENTO
2016-0001,2016-01-01,MOTO,19,2016-01-01
2016-0002,2016-01-02,AUTO,70,2016-01-02
2016-0003,2016-01-03,MOTO,30,2016-01-03
2016-0005,2016-01-21,MOTO,29,2016-02-01
2016-0008,2016-01-24,MOTO,30,2016-01-24
2016-0009,2016-01-24,MOTO,29,2016-01-26
2016-0010,2016-01-29,MOTO,18,2016-01-29
2016-0012,2016-02-08,MOTO,22,2016-02-08
2016-0013,2016-02-10,PEATON,16,2016-02-10
2016-0015,2016-02-14,PEATON,16,2016-02-14
2016-0016,2016-02-14,MOTO,19,2016-02-14
2016-0017,2016-02-15,PEATON,59,2016-02-16
2016-0019,2016-02-17,PEATON,65,2016-02-17
2016-0020,2016-02-17,PEATON,59,2016-03-02
2016-0021,2016-02-17,AUTO,34,2016-02-17
2016-0025,2016-02-28,AUTO,34,2016-02-28
2016-0026,2016-02-28,AUTO,30,2016-03-04
2016-0028,2016-03-02,PEATON,50,2016-03-02
2016-0029,2016-03-04,PEATON,38,2016-03-04
2016-0034,2016-03-12,PEATON,52,2016-03-12
2016-0035,2016-03-13,MOTO,34,2016-03-13
2016-0036,2016-03-14,MOTO,36,2016-03-14
2016-0037,2016-03-19,MOTO,20,2016-03-19
2016-0038,2016-03-21,PEATON,29,2016-03-21
2016-0039,2016-03-23,MOTO,20,2016-03-23
2016-0041,2016-03-29,MOTO,54,2016-03-29
2016-0041,2016-03-29,MOTO,SD,2016-03-30
2016-0043,2016-03-30,PEATON,56,2016-03-30
2016-0044,2016-03-31,MOTO,24,2016-03-31
2016-0047,2016-04-15,PEATON,41,2016-04-15
2016-0050,2016-04-19,PEATON,78,2016-04-19
2016-0051,2016-04-20,MOTO,36,2016-04-20
2016-0053,2016-04-22,PEATON,38,2016-04-22
2016-0054,2016-04-23,MOTO,30,2016-04-25
2016-0055,2016-04-25,PEATON,79,2016-04-28
2016-0056,2016-04-26,MOTO,26,2016-04-26
2016-0058,2016-05-04,PEATON,57,2016-05-08
2016-0059,2016-05-08,PEATON,37,2016-05-26
2016-0065,2016-05-20,PEATON,20,2016-05-20
2016-0069,2016-05-23,AUTO,30,2016-05-23
2016-0075,2016-06-12,PEATON,42,2016-06-12
2016-0076,2016-06-13,PEATON,53,2016-06-13
2016-0082,2016-06-27,PEATON,87,2016-07-05
2016-0083,2016-06-28,PEATON,76,2016-06-29
2016-0084,2016-06-29,PEATON,57,2016-07-08
2016-0086,2016-06-30,PEATON,75,2016-07-01
2016-0087,2016-07-03,MOTO,23,2016-07-03
2016-0088,2016-07-11,PEATON,70,2016-07-14
2016-0089,2016-07-14,PEATON,35,2016-07-14
2016-0090,2016-07-14,PEATON,60,2016-07-15
2016-0092,2016-07-15,MOTO,24,2016-07-15
2016-0093,2016-07-17,AUTO,35,2016-07-19
2016-0095,2016-07-23,MOTO,29,2016-07-23
2016-0097,2016-07-26,PEATON,80,2016-08-12
2016-0100,2016-08-03,MOTO,57,2016-08-03
2016-0104,2016-08-14,MOTO,21,2016-08-15
2016-0105,2016-08-17,PEATON,19,2016-08-26
2016-0109,2016-08-24,AUTO,53,2016-08-24
2016-0111,2016-08-25,MOTO,27,2016-08-25
2016-0112,2016-08-27,MOTO,24,2016-08-27
2016-0114,2016-08-31,BICICLETA,55,2016-08-31
2016-0116,2016-09-02,MOTO,30,2016-09-02
2016-0118,2016-09-04,AUTO,27,2016-09-04
2016-0122,2016-09-13,BICICLETA,49,2016-09-13
2016-0128,2016-10-02,PEATON,81,2016-10-02
2016-0130,2016-10-04,MOTO,29,2016-10-04
2016-0132,2016-10-10,AUTO,30,2016-10-10
2016-0133,2016-10-14,MOTO,41,2016-10-25
2016-0134,2016-10-23,MOTO,25,2016-10-23
2016-0135,2016-10-24,PEATON,29,2016-10-25
2016-0142,2016-11-05,MOTO,46,2016-11-05
2016-0145,2016-11-07,MOTO,39,2016-11-07
2016-0147,2016-11-16,MOVIL,55,2016-11-16
2016-0150,2016-11-18,CARGAS,41,2016-11-18
2016-0152,2016-11-23,MOTO,42,2016-11-24
2016-0153,2016-11-25,PEATON,83,2016-11-25
2016-0156,2016-11-26,MOTO,23,2016-11-30
2016-0160,2016-12-06,CARGAS,29,2016-12-06
2016-0161,2016-12-06,PEATON,50,2016-12-06
2016-0162,2016-12-07,PEATON,38,2017-01-01
2016-0168,2016-12-13,MOTO,43,2016-12-13
2016-0169,2016-12-15,MOTO,24,2016-12-16
2016-0170,2016-12-19,MOTO,21,2016-12-19
2016-0172,2016-12-26,MOTO,38,2016-12-26
2017-0001,2017-01-02,MOTO,18,2017-01-02
2017-0003,2017-01-05,CARGAS,33,2017-01-05
2017-0007,2017-01-11,PEATON,48,2017-01-11
2017-0008,2017-01-16,MOTO,29,2017-01-16
2017-0009,2017-01-16,MOTO,36,2017-01-16
2017-0010,2017-01-16,MOTO,23,2017-01-16
2017-0011,2017-01-22,MOTO,29,2017-01-22
2017-0012,2017-01-24,MOTO,30,2017-01-24
2017-0013,2017-01-27,PEATON,4,2017-01-27
2017-0014,2017-01-28,MOTO,22,2017-01-28
2017-0015,2017-02-02,PEATON,82,2017-02-21
2017-0016,2017-02-03,MOTO,27,2017-02-04
2017-0017,2017-02-06,MOTO,32,2017-02-06
2017-0018,2017-02-09,MOTO,30,2017-02-09
2017-0021,2017-02-18,MOTO,43,2017-02-18
2017-0024,2017-02-23,PEATON,39,2017-02-23
2017-0025,2017-02-24,MOTO,23,2017-02-24
2017-0026,2017-02-26,AUTO,23,2017-02-26
2017-0026,2017-02-26,AUTO,19,2017-02-26
2017-0027,2017-02-26,PEATON,SD,2017-02-26
2017-0028,2017-02-28,PEATON,87,2017-02-28
2017-0029,2017-03-07,SD,34,2017-03-07
2017-0030,2017-03-07,AUTO,27,2017-03-07
2017-0031,2017-03-11,AUTO,70,2017-03-11
2017-0032,2017-03-12,AUTO,40,2017-03-12
2017-0033,2017-03-12,AUTO,28,2017-03-12
2017-0034,2017-03-13,PEATON,43,2017-03-13
2017-0035,2017-03-23,AUTO,28,2017-03-23
2017-0035,2017-03-23,AUTO,32,2017-03-23
2017-0035,2017-03-23,AUTO,30,2017-03-23
2017-0036,2017-03-29,MOTO,SD,2017-03-29
2017-0036,2017-03-29,MOTO,20,2017-03-29
2017-0037,2017-03-31,MOTO,41,2017-03-31
2017-0038,2017-04-01,MOTO,40,2017-04-01
2017-0040,2017-04-03,AUTO,43,2017-04-03
2017-0042,2017-04-10,MOTO,SD,2017-04-10
2017-0045,2017-04-14,MOTO,21,2017-04-14
2017-0047,2017-04-23,MOTO,37,2017-04-23
2017-0049,2017-04-27,PEATON,22,2017-04-27
2017-0050,2017-04-28,MOTO,46,2017-04-28
2017-0050,2017-04-28,MOTO,16,2017-04-28
2017-0051,2017-05-01,AUTO,33,2017-05-01
2017-0052,2017-05-05,PEATON,47,2017-05-05
2017-0053,2017-05-05,MOTO,28,2017-05-05
2017-0054,2017-05-07,MOTO,20,2017-05-07
2017-0055,2017-05-09,AUTO,32,2017-05-09
2017-0058,2017-05-09,PEATON,80,2017-05-09
2017-0059,2017-05-11,PEATON,39,2017-05-11
2017-0060,2017-05-13,MOTO,30,2017-05-13
2017-0061,2017-05-15,PEATON,47,2017-05-16
2017-0062,2017-05-15,MOTO,35,2017-05-15
2017-0063,2017-05-17,PEATON,79,2017-05-17
2017-0064,2017-05-20,CARGAS,61,2017-05-20
2017-0065,2017-05-22,BICICLETA,21,2017-05-22
2017-0066,2017-05-22,PEATON,10,2017-05-22
2017-0067,2017-05-23,MOTO,21,2017-05-23
2017-0068,2017-05-27,MOTO,32,2017-05-27
2017-0069,2017-05-29,MOTO,39,2017-05-29
2017-0070,2017-05-30,PEATON,80,2017-05-31
2017-0072,2017-06-03,AUTO,25,2017-06-03
2017-0073,2017-06-04,MOTO,19,2017-06-04
2017-0074,2017-06-04,SD,70,2017-06-04
2017-0075,2017-06-12,PEATON,55,2017-06-12
2017-0076,2017-06-13,PEATON,30,2017-06-13
2017-0077,2017-06-17,MOTO,60,2017-06-18
2017-0079,2017-06-19,MOTO,33,2017-06-19
2017-0080,2017-06-22,PEATON,95,2017-06-22
2017-0082,2017-06-25,PEATON,36,2017-06-25
2017-0083,2017-07-04,MOTO,37,2017-07-04
2017-0084,2017-07-05,PEATON,73,2017-07-05
2017-0085,2017-07-07,PEATON,84,2017-07-07
2017-0086,2017-07-09,PEATON,30,2017-07-09
2017-0087,2017-07-10,PEATON,73,2017-07-10
2017-0088,2017-07-10,PEATON,43,2017-07-10
2017-0090,2017-07-15,PEATON,22,2017-07-15
2017-0091,2017-07-15,MOTO,58,2017-07-15
2017-0092,2017-07-24,PEATON,66,2017-07-24
2017-0093,2017-07-25,PEATON,SD,2017-07-25
2017-0094,2017-07-27,BICICLETA,56,2017-07-27
2017-0095,2017-08-06,MOTO,36,2017-08-06
2017-0096,2017-08-07,PEATON,87,2017-08-07
2017-0098,2017-08-08,PEATON,61,2017-08-08
2017-0099,2017-08-17,BICICLETA,28,2017-08-17
2017-0100,2017-08-21,MOTO,16,2017-08-21
2017-0101,2017-08-23,PEATON,61,2017-08-23
2017-0102,2017-08-24,PEATON,46,2017-08-24
2017-0104,2017-08-25,PEATON,18,2017-08-25
2017-0106,2017-08-31,PEATON,85,2017-08-31
2017-0107,2017-09-01,MOTO,41,2017-09-01
2017-0108,2017-09-02,AUTO,17,2017-09-02
2017-0108,2017-09-02,AUTO,10,2017-09-02
2017-0109,2017-09-04,MOTO,21,2017-09-05
2017-0110,2017-09-06,PEATON,56,2017-09-07
2017-0111,2017-09-07,PEATON,79,2017-09-07
2017-0112,2017-09-10,AUTO,SD,2017-09-13
2017-0113,2017-09-11,PEATON,76,2017-09-11
2017-0114,2017-09-15,AUTO,26,2017-09-15
2017-0116,2017-09-20,MOTO,22,2017-09-20
2017-0118,2017-09-22,MOTO,26,2017-09-29
2017-0120,2017-10-02,MOTO,20,2017-10-02
2017-0123,2017-10-10,PEATON,36,2017-10-10
2017-0124,2017-10-12,MOTO,51,2017-10-12
2017-0125,2017-10-13,MOTO,29,2017-10-13
2017-0126,2017-10-14,AUTO,36,2017-10-14
2017-0127,2017-10-16,MOTO,24,2017-10-16
2017-0128,2017-10-17,PEATON,60,2017-10-17
2017-0129,2017-10-26,MOTO,57,2017-10-26
2017-0130,2017-10-27,AUTO,23,2017-10-27
2017-0132,2017-10-30,MOTO,23,2017-10-30
2017-0134,2017-11-06,PEATON,47,2017-11-06
2017-0135,2017-11-07,MOTO,24,2017-11-07
2017-0136,2017-11-16,PEATON,55,2017-11-16
2017-0137,2017-11-17,PEATON,60,2017-11-17
2017-0138,2017-11-19,MOTO,25,2017-11-19
2017-0139,2017-11-19,AUTO,15,2017-11-19
2017-0140,2017-11-19,MOTO,24,2017-11-19
2017-0141,2017-11-23,PEATON,22,2017-11-23
2017-0143,2017-11-25,AUTO,50,2017-11-25
2017-0144,2017-11-26,AUTO,50,2017-11-26
2017-0145,2017-11-26,MOTO,58,2017-11-26
2017-0147,2017-11-28,MOTO,49,2017-11-28
2017-0148,2017-11-29,PEATON,82,2017-11-29
2017-0149,2017-11-30,PEATON,13,2017-11-30
2017-0150,2017-12-04,PEATON,56,2017-12-04
2017-0151,2017-12-04,PEATON,SD,2017-12-04
2017-0152,2017-12-06,BICICLETA,19,2017-12-06
2017-0153,2017-12-11,MOTO,SD,2017-12-12
2017-0153,2017-12-11,MOTO,30,2017-12-12
2017-0154,2017-12-11,PEATON,76,2017-12-11
2017-0157,2017-12-17,AUTO,53,2017-12-17
2017-0158,2017-12-18,MOTO,32,2017-12-18
2017-0159,2017-12-20,MOTO,27,2017-12-20
2017-0160,2017-12-22,PEATON,30,2017-12-22
2017-0161,2017-12-26,PEATON,30,2017-12-26
2018-0001,2018-01-01,PEATON,83,2018-01-02
2018-0002,2018-01-03,BICICLETA,26,2018-01-03
2018-0003,2018-01-05,PEATON,58,2018-01-05
2018-0004,2018-01-09,MOTO,39,2018-01-09
2018-0005,2018-01-09,PEATON,54,2018-01-09
2018-0006,2018-01-10,BICICLETA,45,2018-01-10
2018-0007,2018-01-11,AUTO,46,2018-01-11
2018-0008,2018-01-12,MOTO,32,2018-01-12
2018-0009,2018-01-14,MOTO,19,2018-01-14
2018-0010,2018-01-18,MOTO,40,2018-01-18
2018-0011,2018-01-19,PEATON,84,2018-01-19
2018-0012,2018-01-26,MOTO,20,2018-01-26
2018-0013,2018-01-28,MOTO,44,2018-01-28
2018-0014,2018-01-31,PEATON,SD,2018-02-04
2018-0015,2018-02-06,MOTO,28,2018-02-06
2018-0015,2018-02-06,MOTO,19,2018-02-06
2018-0016,2018-02-15,MOTO,31,2018-02-15
2018-0017,2018-02-17,PEATON,35,2018-02-20
2018-0018,2018-02-17,MOTO,26,2018-02-17
2018-0019,2018-02-17,PEATON,80,2018-02-17
2018-0020,2018-02-19,MOTO,26,2018-02-19
2018-0021,2018-02-22,PEATON,62,2018-02-22
2018-0022,2018-02-24,MOTO,28,2018-02-24
2018-0023,2018-02-24,MOTO,28,2018-02-24
2018-0024,2018-02-28,PEATON,70,2018-02-28
2018-0025,2018-03-04,PEATON,70,2018-03-05
2018-0026,2018-03-09,MOVIL,24,2018-03-09
2018-0026,2018-03-09,MOVIL,30,2018-03-09
2018-0027,2018-03-11,PEATON,74,2018-03-11
2018-0028,2018-03-13,PEATON,71,2018-03-13
2018-0029,2018-03-15,MOTO,26,2018-03-15
2018-0030,2018-03-20,MOTO,24,2018-03-20
2018-0031,2018-03-28,MOTO,31,2018-03-28
2018-0032,2018-04-02,PEATON,70,2018-04-02
2018-0033,2018-04-07,MOTO,42,2018-04-10
2018-0034,2018-04-11,PEATON,24,2018-04-11
2018-0035,2018-04-12,PEATON,39,2018-04-12
2018-0036,2018-04-13,MOTO,37,2018-04-15
2018-0037,2018-04-18,PEATON,84,2018-04-19
2018-0038,2018-04-20,PEATON,59,2018-04-20
2018-0038,2018-04-20,PEATON,61,2018-04-20
2018-0039,2018-04-21,PEATON,37,2018-04-21
2018-0040,2018-04-27,PEATON,SD,2018-04-27
2018-0041,2018-04-27,PEATON,78,2018-04-27
2018-0042,2018-04-27,MOTO,23,2018-04-27
2018-0043,2018-04-28,MOTO,25,2018-04-29
2018-0044,2018-04-28,PEATON,50,2018-04-28
2018-0045,2018-04-30,AUTO,60,2018-04-30
2018-0046,2018-05-02,PEATON,11,2018-05-02
2018-0047,2018-05-08,PEATON,82,2018-05-09
2018-0048,2018-05-09,PEATON,57,2018-05-16
2018-0049,2018-05-11,PEATON,40,2018-05-13
2018-0050,2018-05-14,PEATON,47,2018-05-24
2018-0051,2018-05-15,PEATON,57,2018-05-15
2018-0052,2018-05-18,PEATON,78,2018-05-19
2018-0053,2018-05-20,MOTO,43,2018-05-20
2018-0054,2018-05-22,PEATON,86,2018-05-25
2018-0055,2018-05-29,MOTO,21,2018-05-29
2018-0056,2018-06-02,PEATON,69,2018-06-04
2018-0057,2018-06-03,MOTO,33,2018-06-04
2018-0058,2018-06-03,MOTO,26,2018-06-13
2018-0059,2018-06-08,MOTO,54,2018-06-08
2018-0060,2018-06-08,PEATON,51,2018-06-08
2018-0061,2018-06-10,MOTO,51,2018-06-10
2018-0062,2018-06-14,PEATON,32,2018-06-14
2018-0063,2018-06-16,PEATON,28,2018-06-17
2018-0064,2018-06-25,AUTO,30,2018-06-25
2018-0065,2018-06-26,MOTO,35,2018-06-26
2018-0066,2018-06-28,PEATON,73,2018-06-28
2018-0067,2018-06-29,PASAJEROS,81,2018-07-06
2018-0068,2018-07-01,MOTO,21,2018-07-01
2018-0069,2018-07-04,BICICLETA,20,2018-07-04
2018-0070,2018-07-07,MOTO,33,2018-07-07
2018-0071,2018-07-10,MOTO,SD,2018-07-10
2018-0072,2018-07-11,MOTO,27,2018-07-13
2018-0073,2018-07-11,PEATON,67,2018-07-11
2018-0074,2018-07-14,AUTO,25,2018-07-14
2018-0075,2018-07-15,PEATON,23,2018-07-15
2018-0076,2018-07-16,AUTO,73,2018-07-16
2018-0077,2018-07-16,AUTO,58,2018-07-17
2018-0078,2018-07-21,PEATON,27,2018-07-21
2018-0079,2018-07-23,PEATON,SD,2018-07-23
2018-0080,2018-07-25,PEATON,26,2018-07-25
2018-0081,2018-07-29,PEATON,35,2018-07-29
2018-0082,2018-08-01,MOTO,17,2018-08-01
2018-0083,2018-08-02,MOTO,SD,2018-08-02
2018-0084,2018-08-03,PEATON,45,2018-08-03
2018-0085,2018-08-03,MOTO,22,2018-08-03
2018-0085,2018-08-03,MOTO,30,2018-08-03
2018-0086,2018-08-10,PEATON,40,2018-08-10
2018-0087,2018-08-15,PEATON,75,2018-08-20
2018-0088,2018-08-17,MOTO,SD,2018-08-17
2018-0089,2018-08-17,PEATON,80,2018-08-17
2018-0090,2018-08-18,MOTO,27,2018-08-18
2018-0091,2018-08-19,AUTO,23,2018-08-19
2018-0092,2018-08-20,MOTO,23,2018-08-20
2018-0093,2018-08-20,PEATON,24,2018-08-20
2018-0094,2018-08-23,MOTO,32,2018-08-23
2018-0095,2018-08-26,AUTO,49,2018-08-26
2018-0096,2018-08-31,PEATON,39,2018-08-31
2018-0097,2018-09-02,AUTO,35,2018-09-02
2018-0098,2018-09-09,AUTO,55,2018-09-09
2018-0098,2018-09-09,AUTO,54,2018-09-09
2018-0099,2018-09-12,PEATON,18,2018-09-13
2018-0100,2018-09-20,MOTO,33,2018-09-20
2018-0101,2018-09-21,AUTO,SD,2018-09-21
2018-0102,2018-09-21,MOTO,20,2018-09-21
2018-0103,2018-09-27,PEATON,1,2018-09-29
2018-0104,2018-10-01,MOTO,22,2018-10-01
2018-0105,2018-10-03,PEATON,56,2018-10-03
2018-0106,2018-10-04,MOTO,27,2018-10-04
2018-0107,2018-10-06,PEATON,62,2018-10-06
2018-0108,2018-10-09,MOTO,37,2018-10-10
2018-0109,2018-10-10,PEATON,34,2018-10-10
2018-0110,2018-10-13,PEATON,60,2018-10-14
2018-0111,2018-10-19,MOTO,28,2018-10-19
2018-0112,2018-10-24,MOTO,28,2018-10-24
2018-0113,2018-10-25,MOTO,20,2018-10-25
2018-0114,2018-10-30,MOTO,23,2018-10-30
2018-0115,2018-10-31,PEATON,42,2018-11-01
2018-0116,2018-11-01,PEATON,48,2018-11-08
2018-0117,2018-11-04,MOTO,30,2018-11-08
2018-0118,2018-11-05,PEATON,80,2018-11-05
2018-0119,2018-11-05,PEATON,32,2018-11-06
2018-0120,2018-11-09,PEATON,51,2018-11-20
2018-0121,2018-11-09,PEATON,72,2018-11-09
2018-0122,2018-11-12,AUTO,33,2018-11-12
2018-0123,2018-11-12,AUTO,25,2018-11-12
2018-0124,2018-11-15,CARGAS,44,2018-11-15
2018-0125,2018-11-16,PEATON,29,2018-11-17
2018-0126,2018-11-18,MOTO,27,2018-11-23
2018-0127,2018-11-19,MOTO,29,2018-11-19
2018-0128,2018-11-25,AUTO,49,2018-11-25
2018-0128,2018-11-25,AUTO,39,2018-11-25
2018-0129,2018-11-28,MOTO,37,2018-11-30
2018-0130,2018-12-03,MOTO,SD,2018-12-03
2018-0131,2018-12-07,MOTO,29,2018-12-07
2018-0132,2018-12-12,PEATON,70,2018-12-12
2018-0133,2018-12-12,PEATON,60,2018-12-12
2018-0134,2018-12-12,PEATON,56,2018-12-13
2018-0135,2018-12-18,PEATON,80,2018-12-22
2018-0136,2018-12-18,PEATON,70,2018-12-18
2018-0137,2018-12-18,MOTO,29,2018-12-19
2018-0138,2018-12-21,PASAJEROS,79,2018-12-21
2018-0139,2018-12-22,MOTO,28,2018-12-24
2018-0140,2018-12-22,AUTO,78,2018-12-22
2018-0141,2018-12-22,PEATON,75,2018-12-24
2018-0142,2018-12-25,CARGAS,32,2019-01-01
2018-0143,2018-12-29,MOTO,22,2018-12-29
2019-0001,2019-01-08,MOTO,25,2019-01-08
2019-0002,2019-01-09,AUTO,32,2019-01-09
2019-0003,2019-01-12,MOTO,23,2019-01-12
2019-0004,2019-01-14,AUTO,71,2019-01-14
2019-0005,2019-01-19,MOTO,43,2019-01-19
2019-0006,2019-01-23,PEATON,12,2019-01-23
2019-0007,2019-01-26,MOTO,35,2019-01-26
2019-0008,2019-01-30,MOTO,42,2019-01-31
2019-0009,2019-01-31,MOTO,34,2019-01-31
2019-0010,2019-02-02,PEATON,SD,2019-02-02
2019-0010,2019-02-02,PEATON,59,2019-02-02
2019-0011,2019-02-10,PEATON,SD,2019-02-10
2019-0012,2019-02-17,MOTO,31,2019-02-20
2019-0013,2019-02-20,PEATON,39,2019-03-02
2019-0014,2019-02-20,MOTO,69,2019-02-20
2019-0015,2019-02-23,AUTO,21,2019-02-23
2019-0016,2019-02-24,MOTO,40,2019-02-24
2019-0017,2019-03-03,AUTO,22,2019-03-07
2019-0018,2019-03-03,PEATON,29,2019-03-03
2019-0019,2019-03-06,MOTO,SD,2019-03-26
2019-0020,2019-03-07,MOTO,43,2019-03-07
2019-0021,2019-03-15,MOTO,23,2019-03-16
2019-0022,2019-03-15,AUTO,SD,2019-03-15
2019-0023,2019-03-16,AUTO,34,2019-03-16
2019-0024,2019-03-19,MOTO,32,2019-03-19
2019-0025,2019-03-22,PEATON,27,2019-04-04
2019-0026,2019-03-28,PEATON,SD,2019-03-28
2019-0027,2019-03-28,BICICLETA,37,2019-03-28
2019-0028,2019-04-06,PEATON,SD,2019-04-06
2019-0029,2019-04-07,MOTO,27,2019-04-07
2019-0030,2019-04-09,MOTO,25,2019-04-09
2019-0031,2019-04-12,BICICLETA,20,2019-04-12
2019-0032,2019-04-16,PEATON,83,2019-04-18
2019-0033,2019-04-18,MOTO,25,2019-04-18
2019-0034,2019-04-21,MOTO,SD,2019-04-21
2019-0035,2019-04-23,PEATON,75,2019-04-23
2019-0036,2019-04-26,MOTO,34,2019-05-02
2019-0037,2019-05-01,MOTO,17,2019-05-01
2019-0038,2019-05-04,PEATON,42,2019-05-05
2019-0105,2019-05-05,PEATON,82,2019-05-08
2019-0039,2019-05-09,MOTO,28,2019-05-09
2019-0040,2019-05-09,MOTO,44,2019-05-15
2019-0041,2019-05-11,AUTO,78,2019-05-11
2019-0042,2019-05-14,PEATON,39,2019-05-14
2019-0043,2019-05-21,BICICLETA,SD,2019-05-21
2019-0044,2019-05-27,PEATON,77,2019-05-29
2019-0045,2019-06-03,MOTO,33,2019-06-03
2019-0046,2019-06-04,MOTO,26,2019-06-04
2019-0047,2019-06-06,PEATON,76,2019-06-06
2019-0048,2019-06-07,MOTO,32,2019-06-07
2019-0049,2019-06-08,PEATON,72,2019-06-09
2019-0050,2019-06-08,MOTO,21,2019-06-09
2019-0051,2019-06-11,MOTO,41,2019-06-11
2019-0053,2019-06-14,AUTO,49,2019-06-14
2019-0054,2019-06-20,MOTO,21,2019-06-20
2019-0055,2019-06-20,MOTO,47,2019-06-21
2019-0056,2019-06-29,PEATON,75,2019-06-29
2019-0057,2019-07-05,PEATON,63,2019-07-08
2019-0058,2019-07-10,MOTO,39,2019-07-10
2019-0059,2019-07-13,MOTO,30,2019-07-13
2019-0060,2019-07-17,PEATON,78,2019-07-17
2019-0061,2019-07-17,PEATON,58,2019-07-17
2019-0062,2019-08-01,PEATON,60,2019-08-02
2019-0063,2019-08-04,MOTO,SD,2019-08-04
2019-0064,2019-08-06,MOTO,20,2019-08-06
2019-0065,2019-08-08,PEATON,55,2019-08-09
2019-0066,2019-08-11,PEATON,40,2019-08-11
2019-0067,2019-08-14,MOTO,35,2019-08-14
2019-0068,2019-08-14,MOTO,53,2019-08-14
2019-0069,2019-08-17,MOTO,43,2019-08-17
2019-0070,2019-08-22,MOTO,25,2019-08-22
2019-0071,2019-08-27,PEATON,SD,2019-08-27
2019-0072,2019-08-28,AUTO,22,2019-09-02
2019-0073,2019-08-29,AUTO,29,2019-09-06
2019-0074,2019-08-29,MOTO,35,2019-08-29
2019-0075,2019-08-30,MOTO,31,2019-08-30
2019-0076,2019-09-05,MOTO,29,2019-09-05
2019-0077,2019-09-08,PEATON,28,2019-09-08
2019-0078,2019-09-12,PEATON,72,2019-09-15
2019-0079,2019-09-17,MOTO,57,2019-09-17
2019-0080,2019-09-17,PEATON,76,2019-09-17
2019-0081,2019-09-23,PEATON,67,2019-10-07
2019-0082,2019-09-25,BICICLETA,47,2019-09-25
2019-0083,2019-09-26,AUTO,73,2019-09-26
2019-0084,2019-09-27,BICICLETA,40,2019-09-27
2019-0085,2019-10-09,BICICLETA,20,2019-10-09
2019-0086,2019-10-15,MOTO,29,2019-10-15
2019-0087,2019-10-21,MOTO,41,2019-10-21
2019-0088,2019-10-22,PEATON,27,2019-10-22
2019-0089,2019-10-23,PEATON,92,2019-10-23
2019-0090,2019-10-24,PEATON,67,2019-10-26
2019-0091,2019-11-01,PEATON,35,2019-11-01
2019-0092,2019-11-03,PEATON,37,2019-11-03
2019-0093,2019-11-13,BICICLETA,16,2019-11-13
2019-0094,2019-11-18,MOTO,SD,2019-11-18
2019-0095,2019-11-20,MOTO,SD,2019-11-20
2019-0096,2019-11-22,PEATON,73,2019-11-22
2019-0097,2019-11-25,MOTO,23,2019-11-25
2019-0098,2019-11-25,PASAJEROS,61,2019-11-29
2019-0100,2019-12-05,MOTO,38,2019-12-18
2019-0101,2019-12-17,MOTO,25,2019-12-17
2019-0102,2019-12-17,MOTO,18,2019-12-18
2019-0103,2019-12-18,MOTO,24,2019-12-18
2019-0104,2019-12-21,MOTO,23,2019-12-22
2020-0001,2020-01-04,PEATON,87,2020-01-04
2020-0002,2020-01-05,MOTO,36,2020-01-07
2020-0003,2020-01-11,PEATON,44,2020-01-11
2020-0004,2020-01-14,PEATON,82,2020-01-15
2020-0005,2020-01-14,MOTO,25,2020-02-10
2020-0006,2020-01-20,MOTO,23,2020-01-20
2020-0007,2020-01-27,PEATON,52,2020-01-27
2020-0008,2020-01-30,MOTO,49,2020-01-30
2020-0009,2020-02-04,PEATON,48,2020-02-05
2020-0010,2020-02-08,MOTO,SD,2020-02-08
2020-0011,2020-02-12,MOTO,31,2020-02-12
2020-0012,2020-02-18,PEATON,66,2020-02-18
2020-0013,2020-02-20,PEATON,58,2020-03-03
2020-0014,2020-02-27,MOTO,SD,2020-02-27
2020-0015,2020-02-28,MOTO,29,2020-02-28
2020-0016,2020-02-29,PEATON,68,2020-03-09
2020-0017,2020-03-05,PEATON,SD,2020-03-05
2020-0018,2020-03-09,MOTO,31,2020-03-09
2020-0019,2020-03-10,PEATON,80,2020-03-10
2020-0020,2020-03-13,PEATON,74,2020-03-17
2020-0021,2020-03-14,PEATON,87,2020-03-14
2020-0022,2020-04-07,AUTO,44,2020-04-07
2020-0023,2020-04-09,AUTO,44,2020-05-03
2020-0024,2020-04-24,AUTO,53,2020-04-24
2020-0025,2020-05-12,PEATON,SD,2020-05-12
2020-0026,2020-05-17,MOTO,28,2020-05-17
2020-0027,2020-05-18,PEATON,76,2020-05-18
2020-0028,2020-05-19,PEATON,91,2020-05-23
2020-0029,2020-06-10,PEATON,80,2020-06-12
2020-0030,2020-06-16,MOTO,40,2020-06-16
2020-0031,2020-06-30,MOTO,29,2020-06-30
2020-0032,2020-07-10,MOTO,21,2020-07-10
2020-0033,2020-07-19,AUTO,32,2020-07-19
2020-0034,2020-08-02,PEATON,SD,2020-08-02
2020-0035,2020-08-04,MOTO,40,2020-08-04
2020-0036,2020-08-07,PEATON,72,2020-08-22
2020-0037,2020-08-29,PEATON,38,2020-08-29
2020-0038,2020-08-30,AUTO,46,2020-08-30
2020-0038,2020-08-30,AUTO,64,2020-08-30
2020-0039,2020-09-01,PEATON,44,2020-09-01
2020-0040,2020-09-12,AUTO,SD,2020-09-12
2020-0041,2020-09-28,MOTO,34,2020-09-28
2020-0042,2020-09-29,PEATON,53,2020-09-29
2020-0043,2020-09-30,PEATON,64,2020-09-30
2020-0044,2020-10-05,AUTO,43,2020-10-05
2020-0045,2020-10-19,AUTO,50,2020-10-19
2020-0046,2020-10-27,MOTO,41,2020-10-27
2020-0047,2020-10-27,PEATON,15,2020-10-27
2020-0048,2020-10-29,MOTO,41,2020-10-29
2020-0049,2020-10-30,PEATON,36,2020-10-30
2020-0050,2020-11-01,PEATON,28,2020-11-01
2020-0051,2020-11-05,MOTO,49,2020-11-05
2020-0052,2020-11-07,BICICLETA,44,2020-11-07
2020-0053,2020-11-09,AUTO,27,2020-11-09
2020-0054,2020-11-19,BICICLETA,59,2020-11-23
2020-0055,2020-11-19,PEATON,91,2020-12-11
2020-0056,2020-11-21,MOTO,34,2020-11-21
2020-0057,2020-11-23,PEATON,84,2020-11-23
2020-0058,2020-11-24,PEATON,57,2020-11-25
2020-0059,2020-12-01,PEATON,49,2020-12-14
2020-0060,2020-12-03,PEATON,69,2020-12-03
2020-0061,2020-12-03,MOTO,45,2020-12-04
2020-0062,2020-12-04,BICICLETA,47,2020-12-04
2020-0063,2020-12-05,PEATON,38,2020-12-05
2020-0063,2020-12-05,MOTO,21,2020-12-05
2020-0065,2020-12-05,MOTO,24,2020-12-06
2020-0066,2020-12-07,MOTO,27,2020-12-07
2020-0067,2020-12-11,PEATON,51,2020-12-11
2020-0068,2020-12-12,MOTO,71,2020-12-20
2020-0069,2020-12-15,MOTO,25,2020-12-15
2020-0070,2020-12-17,PEATON,81,2020-12-22
2020-0071,2020-12-17,PEATON,4,2020-12-17
2020-0072,2020-12-19,BICICLETA,42,2020-12-19
2020-0073,2020-12-20,MOTO,56,2020-12-20
2020-0074,2020-12-20,AUTO,39,2020-12-20
2020-0075,2020-12-23,PEATON,23,2020-12-23
2020-0076,2020-12-24,AUTO,78,2021-01-17
2020-0077,2020-12-25,MOTO,30,2020-12-25
2020-0077,2020-12-25,MOTO,24,2020-12-25
2020-0078,2020-12-25,BICICLETA,26,2020-12-25
2020-0079,2020-12-27,MOTO,28,2020-12-27
2021-0001,2021-01-06,MOTO,36,2021-01-06
2021-0002,2021-01-07,MOTO,47,2021-01-07
2021-0003,2021-01-10,MOTO,27,2021-01-10
2021-0004,2021-01-11,PEATON,61,2021-01-11
2021-0005,2021-01-11,PEATON,73,2021-01-14
2021-0006,2021-01-12,MOTO,23,2021-01-12
2021-0007,2021-01-18,MOTO,84,2021-01-26
2021-0008,2021-01-22,PEATON,28,2021-01-22
2021-0009,2021-01-23,MOTO,31,2021-01-23
2021-0010,2021-01-23,MOTO,28,2021-01-23
2021-0011,2021-01-27,PEATON,21,2021-01-27
2021-0012,2021-01-29,PEATON,SD,2021-01-29
2021-0013,2021-01-31,MOTO,41,2021-01-31
2021-0014,2021-02-02,PEATON,28,2021-02-18
2021-0015,2021-02-06,MOTO,26,2021-02-06
2021-0016,2021-02-14,AUTO,22,2021-02-14
2021-0017,2021-02-17,MOTO,33,2021-02-17
2021-0018,2021-02-20,PEATON,36,2021-03-08
2021-0019,2021-02-21,MOTO,30,2021-02-21
2021-0020,2021-02-21,PEATON,SD,2021-02-21
2021-0021,2021-02-26,MOTO,39,2021-03-04
2021-0022,2021-02-28,PASAJEROS,68,2021-03-06
2021-0023,2021-03-01,MOTO,24,2021-03-01
2021-0024,2021-03-03,BICICLETA,5,2021-03-03
2021-0025,2021-03-11,MOTO,37,2021-03-11
2021-0026,2021-03-15,MOTO,36,2021-03-15
2021-0027,2021-03-16,MOTO,19,2021-03-16
2021-0028,2021-03-29,PEATON,SD,2021-03-29
2021-0029,2021-03-31,AUTO,26,2021-04-02
2021-0030,2021-04-03,PEATON,36,2021-04-07
2021-0031,2021-04-07,PEATON,68,2021-04-11
2021-0032,2021-04-10,PEATON,60,2021-04-29
2021-0033,2021-04-14,AUTO,33,2021-04-14
2021-0034,2021-04-19,MOTO,26,2021-04-19
2021-0035,2021-05-03,MOTO,24,2021-05-03
2021-0036,2021-05-09,MOTO,36,2021-05-09
2021-0037,2021-05-11,PEATON,58,2021-05-11
2021-0038,2021-05-14,MOTO,44,2021-05-14
2021-0039,2021-05-15,BICICLETA,86,2021-06-05
2021-0040,2021-05-20,MOTO,27,2021-05-20
2021-0041,2021-05-20,PEATON,75,2021-05-20
2021-0042,2021-05-21,PEATON,39,2021-05-21
2021-0043,2021-05-22,PEATON,50,2021-05-22
2021-0044,2021-05-25,MOTO,21,2021-05-25
2021-0045,2021-05-26,MOTO,22,2021-05-26
2021-0046,2021-05-31,AUTO,20,2021-05-31
2021-0047,2021-06-02,MOTO,59,2021-06-02
2021-0048,2021-06-03,BICICLETA,44,2021-06-23
2021-0049,2021-06-03,AUTO,74,2021-06-03
2021-0050,2021-06-10,MOTO,56,2021-06-10
2021-0051,2021-06-15,PEATON,73,2021-06-16
2021-0052,2021-06-20,MOTO,19,2021-06-20
2021-0053,2021-06-20,PEATON,58,2021-06-30
2021-0054,2021-06-22,MOTO,41,2021-06-22
2021-0055,2021-06-29,MOTO,47,2021-06-29
2021-0056,2021-07-09,BICICLETA,60,2021-07-09
2021-0057,2021-07-10,AUTO,46,2021-07-10
2021-0058,2021-07-21,PEATON,24,2021-07-21
2021-0059,2021-07-22,AUTO,44,2021-07-22
2021-0060,2021-07-22,PEATON,80,2021-07-22
2021-0061,2021-07-24,PEATON,55,2021-07-24
2021-0062,2021-07-27,AUTO,73,2021-07-27
2021-0063,2021-08-02,AUTO,31,2021-08-02
2021-0064,2021-08-02,PEATON,37,2021-08-03
2021-0065,2021-08-06,PEATON,63,2021-08-10
2021-0066,2021-08-06,PEATON,59,2021-08-09
2021-0067,2021-08-08,MOTO,27,2021-08-08
2021-0068,2021-08-15,MOTO,39,2021-08-15
2021-0069,2021-08-20,PEATON,17,2021-08-21
2021-0070,2021-08-28,MOTO,31,2021-08-28
2021-0071,2021-08-31,PEATON,88,2021-09-01
2021-0072,2021-09-01,PEATON,57,2021-09-01
2021-0073,2021-09-18,BICICLETA,76,2021-09-18
2021-0074,2021-09-20,MOTO,55,2021-09-20
2021-0075,2021-09-21,PEATON,65,2021-09-21
2021-0076,2021-10-16,MOTO,31,2021-10-16
2021-0077,2021-10-18,MOTO,31,2021-10-18
2021-0078,2021-10-23,MOTO,22,2021-10-23
2021-0079,2021-10-25,PEATON,SD,2021-10-25
2021-0080,2021-10-28,MOTO,32,2021-10-28
2021-0081,2021-11-02,MOTO,26,2021-11-02
2021-0082,2021-11-06,MOTO,38,2021-11-06
2021-0083,2021-11-09,MOTO,30,2021-11-09
2021-0084,2021-11-11,AUTO,32,2021-11-11
2021-0097,2021-11-18,BICICLETA,53,2021-11-19
2021-0085,2021-11-20,MOTO,49,2021-11-20
2021-0086,2021-11-25,PEATON,75,2021-11-25
2021-0087,2021-11-27,PEATON,73,2021-11-27
2021-0088,2021-12-01,MOTO,45,2021-12-07
2021-0089,2021-12-02,MOTO,41,2021-12-11
2021-0090,2021-12-10,PEATON,73,2022-01-03
2021-0091,2021-12-11,MOTO,24,2021-12-11
2021-0092,2021-12-12,PEATON,50,2021-12-12
2021-0093,2021-12-13,MOTO,18,2021-12-18
2021-0094,2021-12-20,MOTO,43,2021-12-20
2021-0095,2021-12-30,MOTO,27,2022-01-02
2021-0096,2021-12-15,AUTO,60,2021-12-20
